"","Itens de cada categoria","ATIVIDADES (Defini√ß√£o das Atividades no link: https://eideia.ufc.br/wp-content/uploads/2024/03/casa-programa-de-formacao-em-docencia-do-ensino-superior-070324.pdf)","Metrica","Teto autorizado para cada atividade/a√ß√£o docente (h)","Horas submetidas","Horas consideradas","","","","",""
"","CATEGORIA I - PALESTRAS, ENCONTROS, SEMIN√ÅRIOS E REUNI√ïES DID√ÅTICOS - PEDAG√ìCICOS ORGANIZADOS PELO CASa üè°","","","","","","","","","",""
"","1.1","üè° Caf√© em CASa ","2h por atividade","28","#REF!","#REF!","","","","",""
"","1.2","üè° Reuni√£o da Comunidade (Encontro em CASa)"," 8h por reuni√£o","16","#REF!","#REF!","","","","",""
"","1.3","üè° Encontro de Doc√™ncia no Ensino Superior (EDES) - Apresenta√ß√£o e/ou Avalia√ß√£o de trabalho","2h por  apresenta√ß√£o/avalia√ß√£o","20","#REF!","#REF!","","","","",""
"","1.4","üè° Professor Inspirador (Profinsp) - Participa√ß√£o como ouvinte","2h por evento","4","#REF!","#REF!","","","","",""
"","1.5","üè° Professor Inspirador (Profinsp) - Participa√ß√£o como organizador","8h por evento","8","#REF!","#REF!","","","","",""
"","1.6","üè° Inova√ß√£o Pedag√≥gica (InovPed) - Apresenta√ß√£o de Projeto/Resumo/Relat√≥rio","5h por apresenta√ß√£o","30","#REF!","#REF!","","","","",""
"","1.7","üè° A√ß√£o Docente (Encontro em CASa)","20h por A√ß√£o","40","#REF!","#REF!","","","","",""
"","1.8","üè° Participa√ß√£o em cursos, minicursos, oficinas e jornadas did√°tico-pedag√≥gicos (EIDEIA)","carga hor√°ria do curso/minicurso/oficina/jornada","60","#REF!","#REF!","","","","",""
"","CATEGORIA II - CURSOS, MINICURSOS, OFICINAS E SEMANAS PEDAG√ìGICAS","","","","","","","","","",""
"","2.1","Participa√ß√£o em cursos, minicursos, jornadas e/ou oficinas de gest√£o, pesquisa e extens√£o realizadas em parceria/ recomendado pela EIDEIA,  pela Escola Nacional de Administra√ß√£o P√∫blica (ENAP) ou junto √†s pr√≥-reitorias da UFC","carga hor√°ria do curso/minicurso/jornada/oficina","40","#REF!","#REF!","","","","",""
"","2.2","Semana Pedag√≥gica nas Unidades Acad√™micas (Centro, Faculdade, Instituto ou Campus) da UFC - Participa√ß√£o como ouvinte das palestras","At√© 8h por evento participado","24","#REF!","#REF!","","","","",""
"","2.3","Semana Pedag√≥gica nas Unidades Acad√™micas (Centro, Faculdade, Instituto ou Campus) da UFC - Participa√ß√£o como organizador","15h por evento organizado","30","#REF!","#REF!","","","","",""
"","2.4","Participa√ß√£o em cursos de l√≠ngua portuguesa,  voltados para os docentes estrangeiros,  realizadas em parcerias com EIDEIA e √†s pr√≥-reitorias da UFC","carga hor√°ria do curso","30","","","","","","",""
"","CATEGORIA III - PARTICIPA√á√ÉO EM COMISS√ïES E ORIENTA√á√ÉO DE DISCENTES","","","","","","","","","",""
"","3.1","Representante docente no Conselho da Unidade Acad√™mica
(Centro, Faculdade, Instituto ou Campus)","2h por  reuni√£o","10","#REF!","#REF!","","","","",""
"","3.2","Representante de Unidade Curricular no Colegiado do Curso","2h por reuni√£o","10","#REF!","#REF!","","","","",""
"","3.3","Membro do N√∫cleo Docente Estruturante ","2h por reuni√£o","10","#REF!","#REF!","","","","",""
"","3.4","Orienta√ß√£o de bolsistas vinculados a projetos de integra√ß√£o gradua√ß√£o/p√≥s-gradua√ß√£o, pesquisa e extens√£o (PROPAG, PIBIC, PID, PIBIT, BIA, PET Aprendizagem Cooperativa, PREX, Monitoria e PAIP), coordenados pelo docente","10h por  aluno por 9 (nove) meses","20","#REF!","#REF!","","","","",""
"","CATEGORIA IV ‚Äì PRODU√á√ÉO CIENT√çFICA, DE INOVA√á√ÉO, T√âCNICA OU ART√çSTICA","","","","","","","","","",""
"","4.1","Produ√ß√£o de v√≠deos, videoaulas, podcasts, entrevistas em r√°dio ou TV, atividades culturais ou art√≠sticas, atividades t√©cnicas etc., com √™nfase no ensino-aprendizagem","3h por produ√ß√£o","6","#REF!","#REF!","","","","",""
"","4.2","Apresenta√ß√£o de trabalhos em Congressos, Confer√™ncias, Semin√°rios ou Encontros, com √™nfase no ensino-aprendizagem"," 5h por apresenta√ß√£o","10","#REF!","#REF!","","","","",""
"","4.3","Publica√ß√£o de artigos em peri√≥dicos cient√≠ficos com ISSN e DOI e/ou livros, organiza√ß√£o de livros e/ou cap√≠tulo de livros"," 5h por publica√ß√£o","10","#REF!","#REF!","","","","",""
